{
  "T_low": 0.1,
  "T_high": 0.5,
  "recall": 0.9894736842105263,
  "precision": 0.8392857142857143,
  "f1": 0.9082125603864735,
  "heatmap_call_rate": 0.4609053497942387,
  "optimize_for": "recall"
}