{
  "T_low": 0.1,
  "T_high": 0.5,
  "recall": 0.9682539682539683,
  "precision": 0.8551401869158879,
  "f1": 0.9081885856079405,
  "heatmap_call_rate": 0.44123711340206184,
  "optimize_for": "recall"
}