{
  "T_low": 0.1,
  "T_high": 0.5,
  "recall": 0.9894736842105263,
  "precision": 0.8545454545454545,
  "f1": 0.9170731707317074,
  "heatmap_call_rate": 0.45267489711934156,
  "optimize_for": "recall"
}