{
  "T_low": 0.1,
  "T_high": 0.5,
  "recall": 0.9894736842105263,
  "precision": 0.9306930693069307,
  "f1": 0.9591836734693877,
  "heatmap_call_rate": 0.4156378600823045,
  "optimize_for": "recall"
}