{
  "T_low": 0.1,
  "T_high": 0.5,
  "recall": 0.9578947368421052,
  "precision": 0.978494623655914,
  "f1": 0.9680851063829787,
  "heatmap_call_rate": 0.38271604938271603,
  "optimize_for": "recall"
}