run,split,auroc,auprc,f1,recall,precision,threshold
patchcore_r18,val,0.6898148148148148,0.6243517644161711,0.625,0.5555555555555556,0.7142857142857143,2.275637626647949
patchcore_r18,test,0.8111111111111111,0.7538254363709024,0.7536231884057971,0.8666666666666667,0.6666666666666666,2.148501396179199
patchcore_wrn50,val,0.9574074074074074,0.9625472845587786,0.9230769230769231,0.8888888888888888,0.96,19.236799240112305
patchcore_wrn50,test,0.9384615384615385,0.9416424872419259,0.8888888888888888,0.8,1.0,19.598533630371094
